,link_to_event,link_to_member
0,rec2N69DMcrqN9PJC,recD078PnS3x2doBe
1,rec2N69DMcrqN9PJC,recP6DJPyi5donvXL
2,rec2N69DMcrqN9PJC,rec28ORZgcm1dtqBZ
3,rec2N69DMcrqN9PJC,recTjHY5xXhvkCdVT
4,rec2N69DMcrqN9PJC,recZ4PkGERzl9ziHO
5,rec2N69DMcrqN9PJC,recEFd8s6pkrTt4Pz
6,rec2N69DMcrqN9PJC,recEymrwCUKxiiosI
7,rec2N69DMcrqN9PJC,recQaxyXBQG5BBtD0
8,rec2N69DMcrqN9PJC,recT92PyyZCGq1R68
9,rec2N69DMcrqN9PJC,recJMazpPVexyFYTc
10,rec2N69DMcrqN9PJC,reccW7q1KkhSKZsea
11,rec2N69DMcrqN9PJC,recjHj4BS5A541n9v
12,rec2N69DMcrqN9PJC,recL94zpn6Xh6kQii
13,rec2N69DMcrqN9PJC,reccSUPwy30AeZLEb
14,rec2N69DMcrqN9PJC,recttfySfQnYb68u3
15,rec2N69DMcrqN9PJC,recf4UKTfipCzgcSA
16,rec2N69DMcrqN9PJC,recro8T1MPMwRadVH
17,rec5XDvJLyxDsGZWc,recD078PnS3x2doBe
18,rec5XDvJLyxDsGZWc,recP6DJPyi5donvXL
19,rec5XDvJLyxDsGZWc,rec28ORZgcm1dtqBZ
20,rec5XDvJLyxDsGZWc,recTjHY5xXhvkCdVT
21,rec5XDvJLyxDsGZWc,recZ4PkGERzl9ziHO
22,rec5XDvJLyxDsGZWc,recttfySfQnYb68u3
23,rec5XDvJLyxDsGZWc,recEFd8s6pkrTt4Pz
24,rec5XDvJLyxDsGZWc,recf4UKTfipCzgcSA
25,rec5XDvJLyxDsGZWc,recjHj4BS5A541n9v
26,rec5XDvJLyxDsGZWc,recEymrwCUKxiiosI
27,rec5XDvJLyxDsGZWc,recsTO4OZIF9rbubk
28,rec5XDvJLyxDsGZWc,recL94zpn6Xh6kQii
29,rec5XDvJLyxDsGZWc,rec75vvFxgYtHmqxY
30,rec5XDvJLyxDsGZWc,recT92PyyZCGq1R68
31,rec5XDvJLyxDsGZWc,reco0mr8dXTgs5wWA
32,rec5XDvJLyxDsGZWc,recJMazpPVexyFYTc
33,rec5XDvJLyxDsGZWc,recuSfhAZIlKba4s2
34,rec5XDvJLyxDsGZWc,recxBj3tjKTGHqucS
35,rec5XDvJLyxDsGZWc,recUdRhbhcEO1Hk5r
36,rec5XDvJLyxDsGZWc,recVsoJJHFI8bgtfw
37,recEVTik3MlqbvLFi,rec4BLdZHS2Blfp4v
38,recEVTik3MlqbvLFi,recf4UKTfipCzgcSA
39,recEVTik3MlqbvLFi,recP6DJPyi5donvXL
40,recEVTik3MlqbvLFi,recEFd8s6pkrTt4Pz
41,recEVTik3MlqbvLFi,rec28ORZgcm1dtqBZ
42,recEVTik3MlqbvLFi,recTjHY5xXhvkCdVT
43,recEVTik3MlqbvLFi,recZ4PkGERzl9ziHO
44,recEVTik3MlqbvLFi,recT92PyyZCGq1R68
45,recEVTik3MlqbvLFi,recEymrwCUKxiiosI
46,recEVTik3MlqbvLFi,recL94zpn6Xh6kQii
47,recEVTik3MlqbvLFi,recJMazpPVexyFYTc
48,recEVTik3MlqbvLFi,recL4aEZBZoPk9NYx
49,recEVTik3MlqbvLFi,reco0mr8dXTgs5wWA
50,recEVTik3MlqbvLFi,recsTO4OZIF9rbubk
51,recEVTik3MlqbvLFi,recuSfhAZIlKba4s2
52,recEVTik3MlqbvLFi,recxBj3tjKTGHqucS
53,recEVTik3MlqbvLFi,recQaxyXBQG5BBtD0
54,recEVTik3MlqbvLFi,recUdRhbhcEO1Hk5r
55,recEVTik3MlqbvLFi,recVsoJJHFI8bgtfw
56,recEVTik3MlqbvLFi,recWh2lJVOT6HjChK
57,recEVTik3MlqbvLFi,rec280Sk7o31iG0Tx
58,recEVTik3MlqbvLFi,rec3pH4DxMcWHMRB7
59,recEVTik3MlqbvLFi,rec75vvFxgYtHmqxY
60,recEVTik3MlqbvLFi,reccW7q1KkhSKZsea
61,recEVTik3MlqbvLFi,recjHj4BS5A541n9v
62,recEVTik3MlqbvLFi,reccSUPwy30AeZLEb
63,recEVTik3MlqbvLFi,recttfySfQnYb68u3
64,recEVTik3MlqbvLFi,recro8T1MPMwRadVH
65,recEVTik3MlqbvLFi,recD078PnS3x2doBe
66,recGxVCwaLW3mDIa3,recro8T1MPMwRadVH
67,recGxVCwaLW3mDIa3,recP6DJPyi5donvXL
68,recGxVCwaLW3mDIa3,recEFd8s6pkrTt4Pz
69,recGxVCwaLW3mDIa3,rec28ORZgcm1dtqBZ
70,recGxVCwaLW3mDIa3,recTjHY5xXhvkCdVT
71,recGxVCwaLW3mDIa3,recZ4PkGERzl9ziHO
72,recGxVCwaLW3mDIa3,recUdRhbhcEO1Hk5r
73,recGxVCwaLW3mDIa3,rec4BLdZHS2Blfp4v
74,recGxVCwaLW3mDIa3,recD078PnS3x2doBe
75,recGxVCwaLW3mDIa3,recWh2lJVOT6HjChK
76,recGxVCwaLW3mDIa3,recL94zpn6Xh6kQii
77,recGxVCwaLW3mDIa3,rec75vvFxgYtHmqxY
78,recGxVCwaLW3mDIa3,recttfySfQnYb68u3
79,recGxVCwaLW3mDIa3,recJMazpPVexyFYTc
80,recI43CzsZ0Q625ma,recro8T1MPMwRadVH
81,recI43CzsZ0Q625ma,recP6DJPyi5donvXL
82,recI43CzsZ0Q625ma,recEFd8s6pkrTt4Pz
83,recI43CzsZ0Q625ma,rec28ORZgcm1dtqBZ
84,recI43CzsZ0Q625ma,recZ4PkGERzl9ziHO
85,recI43CzsZ0Q625ma,recT92PyyZCGq1R68
86,recI43CzsZ0Q625ma,recf4UKTfipCzgcSA
87,recI43CzsZ0Q625ma,recEymrwCUKxiiosI
88,recI43CzsZ0Q625ma,recL94zpn6Xh6kQii
89,recI43CzsZ0Q625ma,recL4aEZBZoPk9NYx
90,recI43CzsZ0Q625ma,recTjHY5xXhvkCdVT
91,recI43CzsZ0Q625ma,reco0mr8dXTgs5wWA
92,recI43CzsZ0Q625ma,recsTO4OZIF9rbubk
93,recI43CzsZ0Q625ma,recD078PnS3x2doBe
94,recI43CzsZ0Q625ma,recQaxyXBQG5BBtD0
95,recI43CzsZ0Q625ma,recxBj3tjKTGHqucS
96,recI43CzsZ0Q625ma,recUdRhbhcEO1Hk5r
97,recI43CzsZ0Q625ma,recVsoJJHFI8bgtfw
98,recI43CzsZ0Q625ma,recWh2lJVOT6HjChK
99,recI43CzsZ0Q625ma,rec280Sk7o31iG0Tx
100,recI43CzsZ0Q625ma,rec3pH4DxMcWHMRB7
101,recI43CzsZ0Q625ma,rec75vvFxgYtHmqxY
102,recI43CzsZ0Q625ma,reccW7q1KkhSKZsea
103,recI43CzsZ0Q625ma,recuSfhAZIlKba4s2
104,recI43CzsZ0Q625ma,recjHj4BS5A541n9v
105,recI43CzsZ0Q625ma,recttfySfQnYb68u3
106,recI43CzsZ0Q625ma,rec4BLdZHS2Blfp4v
107,recIuIXdbLe5j5vCA,recro8T1MPMwRadVH
108,recIuIXdbLe5j5vCA,recEFd8s6pkrTt4Pz
109,recIuIXdbLe5j5vCA,recP6DJPyi5donvXL
110,recIuIXdbLe5j5vCA,reccSUPwy30AeZLEb
111,recIuIXdbLe5j5vCA,recVsoJJHFI8bgtfw
112,recIuIXdbLe5j5vCA,rec75vvFxgYtHmqxY
113,recIuIXdbLe5j5vCA,reccW7q1KkhSKZsea
114,recIuIXdbLe5j5vCA,rec3pH4DxMcWHMRB7
115,recIuIXdbLe5j5vCA,recttfySfQnYb68u3
116,recIuIXdbLe5j5vCA,recD078PnS3x2doBe
117,recIuIXdbLe5j5vCA,rec280Sk7o31iG0Tx
118,recIuIXdbLe5j5vCA,recf4UKTfipCzgcSA
119,recLKj8BbTNqxFbTb,rec4BLdZHS2Blfp4v
120,recLKj8BbTNqxFbTb,recro8T1MPMwRadVH
121,recLKj8BbTNqxFbTb,recf4UKTfipCzgcSA
122,recLKj8BbTNqxFbTb,recD078PnS3x2doBe
123,recLKj8BbTNqxFbTb,recP6DJPyi5donvXL
124,recLKj8BbTNqxFbTb,recEFd8s6pkrTt4Pz
125,recLKj8BbTNqxFbTb,rec28ORZgcm1dtqBZ
126,recLKj8BbTNqxFbTb,recTjHY5xXhvkCdVT
127,recLKj8BbTNqxFbTb,recZ4PkGERzl9ziHO
128,recLKj8BbTNqxFbTb,recT92PyyZCGq1R68
129,recLKj8BbTNqxFbTb,recEymrwCUKxiiosI
130,recLKj8BbTNqxFbTb,recL94zpn6Xh6kQii
131,recLKj8BbTNqxFbTb,recJMazpPVexyFYTc
132,recLKj8BbTNqxFbTb,recL4aEZBZoPk9NYx
133,recLKj8BbTNqxFbTb,reco0mr8dXTgs5wWA
134,recLKj8BbTNqxFbTb,recsTO4OZIF9rbubk
135,recLKj8BbTNqxFbTb,recuSfhAZIlKba4s2
136,recLKj8BbTNqxFbTb,recxBj3tjKTGHqucS
137,recLKj8BbTNqxFbTb,recQaxyXBQG5BBtD0
138,recLKj8BbTNqxFbTb,recUdRhbhcEO1Hk5r
139,recLKj8BbTNqxFbTb,recVsoJJHFI8bgtfw
140,recLKj8BbTNqxFbTb,recWh2lJVOT6HjChK
141,recLKj8BbTNqxFbTb,rec280Sk7o31iG0Tx
142,recLKj8BbTNqxFbTb,rec3pH4DxMcWHMRB7
143,recLKj8BbTNqxFbTb,rec75vvFxgYtHmqxY
144,recLKj8BbTNqxFbTb,reccW7q1KkhSKZsea
145,recLKj8BbTNqxFbTb,recjHj4BS5A541n9v
146,recLKj8BbTNqxFbTb,rec2a03QXbFQAUZ7X
147,recLKj8BbTNqxFbTb,reccSUPwy30AeZLEb
148,recLKj8BbTNqxFbTb,recttfySfQnYb68u3
149,recLrY8kyOR1PcZeF,recro8T1MPMwRadVH
150,recLrY8kyOR1PcZeF,rec4BLdZHS2Blfp4v
151,recLrY8kyOR1PcZeF,recttfySfQnYb68u3
152,recLrY8kyOR1PcZeF,recD078PnS3x2doBe
153,recggMW2eyCYceNcy,recD078PnS3x2doBe
154,recggMW2eyCYceNcy,recP6DJPyi5donvXL
155,recggMW2eyCYceNcy,recEFd8s6pkrTt4Pz
156,recggMW2eyCYceNcy,rec28ORZgcm1dtqBZ
157,recggMW2eyCYceNcy,recf4UKTfipCzgcSA
158,recggMW2eyCYceNcy,recZ4PkGERzl9ziHO
159,recggMW2eyCYceNcy,recTjHY5xXhvkCdVT
160,recggMW2eyCYceNcy,recT92PyyZCGq1R68
161,recggMW2eyCYceNcy,recL94zpn6Xh6kQii
162,recggMW2eyCYceNcy,recJMazpPVexyFYTc
163,recggMW2eyCYceNcy,recro8T1MPMwRadVH
164,recggMW2eyCYceNcy,reco0mr8dXTgs5wWA
165,recggMW2eyCYceNcy,recEymrwCUKxiiosI
166,recggMW2eyCYceNcy,recsTO4OZIF9rbubk
167,recggMW2eyCYceNcy,rec4BLdZHS2Blfp4v
168,recggMW2eyCYceNcy,recxBj3tjKTGHqucS
169,recggMW2eyCYceNcy,recUdRhbhcEO1Hk5r
170,recggMW2eyCYceNcy,recuSfhAZIlKba4s2
171,recggMW2eyCYceNcy,recWh2lJVOT6HjChK
172,recggMW2eyCYceNcy,rec280Sk7o31iG0Tx
173,recggMW2eyCYceNcy,recQaxyXBQG5BBtD0
174,recggMW2eyCYceNcy,rec3pH4DxMcWHMRB7
175,recggMW2eyCYceNcy,reccW7q1KkhSKZsea
176,reciRZdAqNIKuMC96,rec4BLdZHS2Blfp4v
177,reciRZdAqNIKuMC96,recf4UKTfipCzgcSA
178,reciRZdAqNIKuMC96,recP6DJPyi5donvXL
179,reciRZdAqNIKuMC96,recro8T1MPMwRadVH
180,reciRZdAqNIKuMC96,recTjHY5xXhvkCdVT
181,reciRZdAqNIKuMC96,recZ4PkGERzl9ziHO
182,reciRZdAqNIKuMC96,rec28ORZgcm1dtqBZ
183,reciRZdAqNIKuMC96,recT92PyyZCGq1R68
184,reciRZdAqNIKuMC96,recL94zpn6Xh6kQii
185,reciRZdAqNIKuMC96,recJMazpPVexyFYTc
186,reciRZdAqNIKuMC96,recL4aEZBZoPk9NYx
187,reciRZdAqNIKuMC96,reco0mr8dXTgs5wWA
188,reciRZdAqNIKuMC96,recsTO4OZIF9rbubk
189,reciRZdAqNIKuMC96,recuSfhAZIlKba4s2
190,reciRZdAqNIKuMC96,recxBj3tjKTGHqucS
191,reciRZdAqNIKuMC96,recQaxyXBQG5BBtD0
192,reciRZdAqNIKuMC96,recUdRhbhcEO1Hk5r
193,reciRZdAqNIKuMC96,recVsoJJHFI8bgtfw
194,reciRZdAqNIKuMC96,recWh2lJVOT6HjChK
195,reciRZdAqNIKuMC96,rec280Sk7o31iG0Tx
196,reciRZdAqNIKuMC96,rec3pH4DxMcWHMRB7
197,reciRZdAqNIKuMC96,rec75vvFxgYtHmqxY
198,reciRZdAqNIKuMC96,reccW7q1KkhSKZsea
199,reciRZdAqNIKuMC96,recjHj4BS5A541n9v
200,reciRZdAqNIKuMC96,reccSUPwy30AeZLEb
201,reciRZdAqNIKuMC96,recD078PnS3x2doBe
202,reciRZdAqNIKuMC96,recttfySfQnYb68u3
203,reckYL4xtQWpkTJ8k,rec4BLdZHS2Blfp4v
204,reckYL4xtQWpkTJ8k,recro8T1MPMwRadVH
205,reckYL4xtQWpkTJ8k,recD078PnS3x2doBe
206,reckYL4xtQWpkTJ8k,recsTO4OZIF9rbubk
207,reckYL4xtQWpkTJ8k,recUdRhbhcEO1Hk5r
208,recmbOVHSyzXQZpQr,rec4BLdZHS2Blfp4v
209,recmbOVHSyzXQZpQr,recP6DJPyi5donvXL
210,recmbOVHSyzXQZpQr,recEFd8s6pkrTt4Pz
211,recmbOVHSyzXQZpQr,rec28ORZgcm1dtqBZ
212,recmbOVHSyzXQZpQr,recTjHY5xXhvkCdVT
213,recmbOVHSyzXQZpQr,recZ4PkGERzl9ziHO
214,recmbOVHSyzXQZpQr,recD078PnS3x2doBe
215,recmbOVHSyzXQZpQr,recro8T1MPMwRadVH
216,recmbOVHSyzXQZpQr,recEymrwCUKxiiosI
217,recmbOVHSyzXQZpQr,recJMazpPVexyFYTc
218,recmbOVHSyzXQZpQr,recL4aEZBZoPk9NYx
219,recmbOVHSyzXQZpQr,rec75vvFxgYtHmqxY
220,recmbOVHSyzXQZpQr,recQaxyXBQG5BBtD0
221,recmbOVHSyzXQZpQr,recL94zpn6Xh6kQii
222,recmbOVHSyzXQZpQr,reco0mr8dXTgs5wWA
223,recmbOVHSyzXQZpQr,recuSfhAZIlKba4s2
224,recmbOVHSyzXQZpQr,recxBj3tjKTGHqucS
225,recmbOVHSyzXQZpQr,recUdRhbhcEO1Hk5r
226,recmbOVHSyzXQZpQr,recVsoJJHFI8bgtfw
227,recmbOVHSyzXQZpQr,recWh2lJVOT6HjChK
228,recmbOVHSyzXQZpQr,rec280Sk7o31iG0Tx
229,recmbOVHSyzXQZpQr,reccW7q1KkhSKZsea
230,recmbOVHSyzXQZpQr,recsTO4OZIF9rbubk
231,recmbOVHSyzXQZpQr,recjHj4BS5A541n9v
232,recmbOVHSyzXQZpQr,reccSUPwy30AeZLEb
233,recoVo6dFSzG1ypX7,recD078PnS3x2doBe
234,recoVo6dFSzG1ypX7,recEFd8s6pkrTt4Pz
235,recoVo6dFSzG1ypX7,recVsoJJHFI8bgtfw
236,recoVo6dFSzG1ypX7,recro8T1MPMwRadVH
237,recoVo6dFSzG1ypX7,rec4BLdZHS2Blfp4v
238,recoVo6dFSzG1ypX7,recZ4PkGERzl9ziHO
239,recoVo6dFSzG1ypX7,recT92PyyZCGq1R68
240,recoVo6dFSzG1ypX7,recTjHY5xXhvkCdVT
241,recsgSUqFCJqekzL5,rec4BLdZHS2Blfp4v
242,recsgSUqFCJqekzL5,recf4UKTfipCzgcSA
243,recsgSUqFCJqekzL5,recro8T1MPMwRadVH
244,recsgSUqFCJqekzL5,recTjHY5xXhvkCdVT
245,recsgSUqFCJqekzL5,rec75vvFxgYtHmqxY
246,recsgSUqFCJqekzL5,recZ4PkGERzl9ziHO
247,recsgSUqFCJqekzL5,reccSUPwy30AeZLEb
248,recsgSUqFCJqekzL5,recT92PyyZCGq1R68
249,recsgSUqFCJqekzL5,recttfySfQnYb68u3
250,recsgSUqFCJqekzL5,recEFd8s6pkrTt4Pz
251,recsgSUqFCJqekzL5,rec28ORZgcm1dtqBZ
252,recvCUOytx5jPw7kh,recVsoJJHFI8bgtfw
253,recvCUOytx5jPw7kh,recP6DJPyi5donvXL
254,recvCUOytx5jPw7kh,recjHj4BS5A541n9v
255,recvCUOytx5jPw7kh,reccSUPwy30AeZLEb
256,recvCUOytx5jPw7kh,recro8T1MPMwRadVH
257,recvCUOytx5jPw7kh,recUdRhbhcEO1Hk5r
258,recvCUOytx5jPw7kh,recEFd8s6pkrTt4Pz
259,recvCUOytx5jPw7kh,recTjHY5xXhvkCdVT
260,recvCUOytx5jPw7kh,recZ4PkGERzl9ziHO
261,recvCUOytx5jPw7kh,rec75vvFxgYtHmqxY
262,recvCUOytx5jPw7kh,recT92PyyZCGq1R68
263,recvCUOytx5jPw7kh,recEymrwCUKxiiosI
264,recvCUOytx5jPw7kh,rec4BLdZHS2Blfp4v
265,recvCUOytx5jPw7kh,recD078PnS3x2doBe
266,recvCUOytx5jPw7kh,recJMazpPVexyFYTc
267,recvCUOytx5jPw7kh,recL4aEZBZoPk9NYx
268,recvCUOytx5jPw7kh,recsTO4OZIF9rbubk
269,recykdvf4LgsyA3wZ,recttfySfQnYb68u3
270,recykdvf4LgsyA3wZ,recf4UKTfipCzgcSA
271,recykdvf4LgsyA3wZ,recUdRhbhcEO1Hk5r
272,recykdvf4LgsyA3wZ,rec280Sk7o31iG0Tx
273,recykdvf4LgsyA3wZ,recro8T1MPMwRadVH
274,recykdvf4LgsyA3wZ,reccSUPwy30AeZLEb
275,recykdvf4LgsyA3wZ,recP6DJPyi5donvXL
276,recykdvf4LgsyA3wZ,recVsoJJHFI8bgtfw
277,recykdvf4LgsyA3wZ,rec28ORZgcm1dtqBZ
278,recykdvf4LgsyA3wZ,recL94zpn6Xh6kQii
279,recykdvf4LgsyA3wZ,recZ4PkGERzl9ziHO
280,recykdvf4LgsyA3wZ,rec2a03QXbFQAUZ7X
281,recykdvf4LgsyA3wZ,recEFd8s6pkrTt4Pz
282,recykdvf4LgsyA3wZ,recEymrwCUKxiiosI
283,recykdvf4LgsyA3wZ,reccW7q1KkhSKZsea
284,recykdvf4LgsyA3wZ,rec4BLdZHS2Blfp4v
285,recykdvf4LgsyA3wZ,recJMazpPVexyFYTc
286,recykdvf4LgsyA3wZ,reco0mr8dXTgs5wWA
287,recykdvf4LgsyA3wZ,recsTO4OZIF9rbubk
288,recykdvf4LgsyA3wZ,recTjHY5xXhvkCdVT
289,recykdvf4LgsyA3wZ,recL4aEZBZoPk9NYx
290,recykdvf4LgsyA3wZ,recxBj3tjKTGHqucS
291,recykdvf4LgsyA3wZ,recQaxyXBQG5BBtD0
292,recykdvf4LgsyA3wZ,rec3pH4DxMcWHMRB7
293,recykdvf4LgsyA3wZ,recuSfhAZIlKba4s2
294,recykdvf4LgsyA3wZ,recjHj4BS5A541n9v
295,recykdvf4LgsyA3wZ,rec75vvFxgYtHmqxY
296,recykdvf4LgsyA3wZ,recD078PnS3x2doBe
297,recykdvf4LgsyA3wZ,recWh2lJVOT6HjChK
298,recykdvf4LgsyA3wZ,recT92PyyZCGq1R68
299,reczhS8wix6Kzbp9P,recL94zpn6Xh6kQii
300,reczhS8wix6Kzbp9P,recD078PnS3x2doBe
301,reczhS8wix6Kzbp9P,recf4UKTfipCzgcSA
302,reczhS8wix6Kzbp9P,recEFd8s6pkrTt4Pz
303,reczhS8wix6Kzbp9P,recTjHY5xXhvkCdVT
304,reczhS8wix6Kzbp9P,recro8T1MPMwRadVH
305,reczhS8wix6Kzbp9P,recT92PyyZCGq1R68
306,reczhS8wix6Kzbp9P,recP6DJPyi5donvXL
307,reczhS8wix6Kzbp9P,recJMazpPVexyFYTc
308,reczhS8wix6Kzbp9P,recZ4PkGERzl9ziHO
309,reczhS8wix6Kzbp9P,reco0mr8dXTgs5wWA
310,reczhS8wix6Kzbp9P,recsTO4OZIF9rbubk
311,reczhS8wix6Kzbp9P,recL4aEZBZoPk9NYx
312,reczhS8wix6Kzbp9P,rec4BLdZHS2Blfp4v
313,reczhS8wix6Kzbp9P,recxBj3tjKTGHqucS
314,reczhS8wix6Kzbp9P,recuSfhAZIlKba4s2
315,reczhS8wix6Kzbp9P,recUdRhbhcEO1Hk5r
316,reczhS8wix6Kzbp9P,recEymrwCUKxiiosI
317,reczhS8wix6Kzbp9P,recWh2lJVOT6HjChK
318,reczhS8wix6Kzbp9P,rec280Sk7o31iG0Tx
319,reczhS8wix6Kzbp9P,rec75vvFxgYtHmqxY
320,reczhS8wix6Kzbp9P,recQaxyXBQG5BBtD0
321,reczhS8wix6Kzbp9P,recjHj4BS5A541n9v
322,reczhS8wix6Kzbp9P,rec3pH4DxMcWHMRB7
323,reczhS8wix6Kzbp9P,rec28ORZgcm1dtqBZ
324,reczhS8wix6Kzbp9P,recVsoJJHFI8bgtfw
325,reczhS8wix6Kzbp9P,recttfySfQnYb68u3
